{
  "a4_sessions_change_pct": 31.01241205636096,
  "a4_conversion_change_pct": -64.86321000227424,
  "a4_revenue_per_session_change_pct": -56.18739254807872,
  "a3_promo_revenue_share_post_pct": 35.3,
  "a3_promo_margin_gap_pp": -19.0,
  "a3_promo_90d_repeat_gap_pp": -1.685095745665055,
  "a6_status_quo_total_mn": 754.0,
  "a6_cr30_total_mn": 980.0000000000002,
  "a6_combo_total_mn": 1085.0,
  "a6_combo_lift_pct": 69.52038638139399
}