{
  "a1_revenue_shift_pct": -41.46011852987408,
  "a1_peak_change_pct": -46.832211929167485,
  "a1_gm_change_pp": -1.3220510478075793,
  "a1_negative_august_count": 5,
  "a3_promo_revenue_share_pct": 35.3,
  "a3_promo_margin_gap_pp": -19.0,
  "a3_promo_90d_repeat_gap_pp": -1.6850957456650555
}